"Variable / Field Name","Form Name","Section Header","Field Type","Field Label","Choices, Calculations, OR Slider Labels","Field Note","Text Validation Type OR Show Slider Number","Text Validation Min","Text Validation Max",Identifier?,"Branching Logic (Show field only if...)","Required Field?","Custom Alignment","Question Number (surveys only)","Matrix Group Name","Matrix Ranking?","Field Annotation"
record_id,demographics,,text,"Study ID",,,,,,,,,,,,,
first_name,demographics,,text,"First Name",,,alpha_only,,,,,,,,,,
last_name,demographics,,text,"<p>Last Name</p>",,,alpha_only,,,y,,,,,,,
age,demographics,,text,Age,,"Age in Years (Whole Number)",number,17,90,,,y,,,,,
gender,demographics,,radio,Gender,"0, Female | 1, Male | 2, Other | 3, Prefer not to say",,,,,,,y,,,,,
date_of_admission,demographics,Baseline_Data,text,"Date of Admission",,,date_dmy,,,,,,,,,,
covid_pcr,demographics,,radio,"Covid PCR Status","1, Positive | 2, Negative | 3, Suspected",,,,,,,y,,,,,
comorbidities,demographics,,checkbox,"Pre-Existing Comorbidities","1, None | 2, Diabetes Mellitus (DM) | 3, Hypertension (HTN) | 4, Asthma | 5, COPD | 6, Ischemic Heart Disease (IHD) | 7, Chronic Liver Disease (CLD) | 8, Hepatitis C (HCV) | 9, Stroke | 10, Other",,,,,,,y,,,,,
autoimmune_disease,demographics,,yesno,"Autoimmune Disease",,,,,,,,y,,,,,
auto_immune_treatment,demographics,,checkbox,"Auto-immune Treatment Taken","1, NSAIDs | 2, Steroids | 3, Other immunosuppressant",,,,,,"[autoimmune_disease] = '1'",y,,,,,
lab_collection_date,lfts,,text,"Lab Collection Date",,,date_dmy,,,,,y,,,,,
bil_level,lfts,,text,"Total Serum Bilirubin (mg/dL)",,"Normal Cutoff: <1.2 mg/dL",number,0.1,20,,,,,,,,
alt_level,lfts,,text,"Alanine Aminotransferase - ALT (U/L)",,"Normal cutoff: 7 – 55 (U/L)",number,5,1000,,,y,,,,,
ast_level,lfts,,text,"Aspartate Aminotransferase - AST (U/L)",,"Normal cutoff: 8 – 40 (U/L)",number,5,1000,,,y,,,,,
alp_level,lfts,,text,"Alkaline Phosphatase - ALP (IU/L)",,"Normal cutoff: 44 – 147 (IU/L)",number,20,1200,,,y,,,,,
crp_level,lfts,,text,"C-Reactive Protein - CRP (mg/L)",,"Normal cutoff: <3.0 mg/L",number,0.5,500,,,y,,,,,
ferritin_level,lfts,,text,"Serum Ferritin Level (ng/mL)",,"Normal cutoff: 11-336 ng/mL",number,1,5000,,,y,,,,,
d_dimer_level,lfts,,text,"D-Dimer Level (mcg/mL)",,"Normal cutoff: <0.50 mcg/mL",number,0.05,500,,,y,,,,,
deranged_alt_flag,lfts,,calc,"Calculated: Elevated ALT Flag","if([alt_level] > 55, 1, 0)",,,,,,,y,,,,,
date_outcom_disch,clinical_outcome,,text,"Date of Outcome / Discharge",,,date_dmy,,,,,y,,,,,
primary_outcome,clinical_outcome,,radio,"Primary Patient Outcome / Prognosis","1, Discharged from Hospital (Recovered) | 2, Remained Admitted in General Ward | 3, Transferred to High Dependency Unit (HDU) | 4, Transferred to Intensive Care Unit (ICU) | 5, In-hospital Death",,,,,,,y,,,,,
date_death,clinical_outcome,,text,"Documented Date of Death",,,date_dmy,,,,"[primary_outcome] = '5'",y,,,,,
date_icu,clinical_outcome,,text,"Date of ICU Transfer",,,date_dmy,,,,"[primary_outcome] = '4'",y,,,,,
aeyn,adverse_events,,radio,"Were any adverse events experienced?","0, No | 1, Yes","Indicate if the subject experienced any adverse events.",,,,,,,,,,,
aespid,adverse_events,,text,"AE Identifier",,"Record unique identifier for each adverse event for this subject.<br><br>Number sequence for all following forms should not duplicate existing numbers for the subject.",,,,,"[aeyn] = ""1""",,,,,,
aeterm,adverse_events,,text,"What is the adverse event term?",,"Record only one diagnosis, sign or symptom per form (e.g., nausea and vomiting should not be recorded in the same entry, but as two separate entries).  See eCRF completion instruction for more information.",,,,,"[aeyn] = ""1""",,,,,,
aestdat,adverse_events,,text,"What is the date the adverse event started?",,"Record the start date of the adverse event using the MM-DD-YYYY format.",date_dmy,,,,"[aeyn] = ""1""",,,,,,
aesttim,adverse_events,,text,"At what time did the adverse event start?",,"If appropriate, record the time the AE started using the HH:MM (24-hour clock) format.",time,,,,"[aeyn] = ""1""",,,,,,
aeongo,adverse_events,,radio,"Is the adverse event still ongoing?","0, No|1, Yes","Select one.",,,,,"[aeyn] = ""1""",,,,,,
aeendat,adverse_events,,text,"What date did the adverse event end?",,"Record the end date of the adverse event using the MM-DD-YYYY format.",date_dmy,,,,"[aeongo] = ""0""",,,,,,
aeentim,adverse_events,,text,"At what time did the adverse event end?",,"If appropriate, record the time the AE ended using the HH:MM (24-hour clock) format.",time,,,,"[aeongo] = ""0""",,,,,,
aesev,adverse_events,,radio,"What was the severity of the adverse event?","1, Mild|2, Moderate|3, Severe","The reporting physician/healthcare professional will assess the severity of the event using the sponsor-defined categories. This assessment is subjective and the reporting physician/ healthcare professional should use medical judgment to compare the reported Adverse Event to similar type events observed in clinical practice. Severity is not equivalent to seriousness.",,,,,"[aeyn] = ""1""",,,,,,
aeser,adverse_events,,radio,"Is the adverse event serious?","0, No|1, Yes","Assess if an adverse event should be classified as serious based on the serious criteria defined in the protocol.",,,,,"[aeyn] = ""1""",,,,,,
sae_criteria,adverse_events,,checkbox,"SAE Seriousness Criteria","1, Resulted in Death | 2, Life-threatening | 3, Prolonged Hospitalization | 4, Persistent Disability | 5, Medically Significant","Assess if an adverse event should be classified as serious based on the serious criteria defined in the protocol.",,,,,"[aeyn] = ""1""",y,,,,,
aesdisab,adverse_events,,radio,"Did the adverse event result in Persistent or significant disability or incapacity?","0, No|1, Yes","Record whether the serious adverse event resulted in a persistent or significant disability or incapacity.",,,,,"[aeser] = ""1""",,,,,,
aesdth,adverse_events,,radio,"Did the adverse event result in death?","0, No|1, Yes","Record whether the serious adverse event resulted in death.",,,,,"[aeser] = ""1""",,,,,,
aeslife,adverse_events,,radio,"Is the adverse event Life Threatening?","0, No|1, Yes","Record whether the serious adverse event is life threatening.",,,,,"[aeser] = ""1""",,,,,,
aeshosp,adverse_events,,radio,"Did the adverse event result in initial or prolonged hospitalization for the subject?","0, No|1, Yes","Record whether the serious adverse event resulted in an initial or prolonged hospitalization.",,,,,"[aeser] = ""1""",,,,,,
aeaction,adverse_events,,notes,"What action was taken in response to this adverse event?",,"Record all action(s) taken resulting from the adverse event.",,,,,"[aeyn] = ""1""",,,,,,
aeout,adverse_events,,radio,"What was the outcome of this adverse event?","1, Fatal|2, Not recovered / Not resolved|3, Recovered / Resolved|4, Recovered / Resolved with sequelae|5, Recovering / Resolving|99, Unknown","Record the appropriate outcome of the event in relation to the subject's status.",,,,,"[aeyn] = ""1""",,,,,,
ae_reporting,adverse_events,,text,"Date Sponsor / IRB Notified",,"Record if the AE was classified as Serious Adverse Event",date_dmy,,,,"[aeser] = '1'",y,,,,,
